Champion,Cooldowns,Difficulty,Conseils pour les matchs,Starting Items,Pictures
Aatrox,"P 24-12, Q 14-6, W 20-14, E 9-5, R 120-80",5,"N'échangez pas avec Aatrox quand il a son passif actif. Il a un très long temps de récupération, donc dès qu'il l'utilise, ne cherchez pas à échanger avec lui. Faites de votre mieux pour esquiver ses points forts ou vous subirez de nombreux dégâts. Si vous êtes touché par son W, vous pouvez l'esquiver, sur le côté et en arrière. Ne le combattez pas dans son ult, sauf si vous avez déjà des blessures évidentes. Il va guérir vos dégâts.","Lame de doran, Potion",https://ddragon.leagueoflegends.com/cdn/img/champion/splash/Aatrox_0.jpg
Ahri,"Q 7, W 9-5, E 12, R 130-80",7,"Ne lui faites jamais de Q3 si elle a du charme. Vous vous prenez son combo complet au visage et vous mourrez. Faites de votre mieux pour esquiver son poke Q en début de partie, surtout le retour qui fait de vrais dégâts. Au niveau 6, il est plus difficile de la tuer car elle est très mobile. Appâtez son charme et cherchez ensuite des échanges courts ou un all-in si vous le pouvez. Ne lui envoyez jamais d'ult si elle a son ult en place, ou elle s'éloignera simplement et vivra.","Bouclier de doran, Potion",https://ddragon.leagueoflegends.com/cdn/img/champion/splash/Ahri_0.jpg
Akali,"Q 1.5, W 20, E 16-10, R 100-60",8,"Akali est ennuyeuse à cause de son spam de Q, de son shroud et de ses dashes. Ne lui faites jamais de Q3 lorsqu'elle a un E en l'air, ou elle l'esquivera tout simplement ; son E vous assommera et vous serez à portée de tir. Faites de votre mieux pour esquiver son poke Q en début de partie. Un gros morceau de HP ne vaut pas un seul cs. Utilisez votre E avant d'avoir Q3 pour pouvoir la frapper plus facilement. Early null-magic mantle est bon surtout si la lane est égale.","Lame de doran, Potion",https://ddragon.leagueoflegends.com/cdn/img/champion/splash/Akali_0.jpg
Akshan,"P 16-8, Q 8-5, W 18-2, E 18-12 (resets), R 100-70",9,"Akshan est très oppressant au début. Vous ne pouvez pas le combattre tant que vous n'avez pas de zerks et de sceptre de vampire. Jouez avec l'objectif d'évoluer et de toucher vos pics d'objets. Faites de votre mieux pour farmer sans prendre trop de poke ou vous serez sensible aux ganks/plongées. Ne restez pas dans la vague parce qu'il va Q la vague, vous endommageant et poussant la vague en même temps. Plus son Q touche de cibles, plus la vague ira loin.","Bouclier de doran, Potion",https://ddragon.leagueoflegends.com/cdn/img/champion/splash/Akshan_0.jpg
Anivia,"Q 11-7, W 17, E 4, R 4-2",5,"Anivia est ennuyeuse, mais ce matchup est équilibré. Vous DEVEZ esquiver sa Q ou vous prendrez son combo et vous vous ferez chunker. Appâtez sa Q en faisant des E et en courant sur le côté. Vous pouvez aussi faire un E en avant quand elle vous fait un mur. Votre E ira derrière le mur ; utilisez ceci pour échapper à un gank ou pour sauver votre vie. Au niveau 6, la plupart des anivias se contenteront de faire du ""perma shove"", vous pouvez donc vous contenter de jouer à l'échelle et de farmer pour vos objets.","Bouclier de doran, Potion",https://ddragon.leagueoflegends.com/cdn/img/champion/splash/Anivia_0.jpg
Annie,"Q 4, W 8, E 14-10, R 120-80",6,Rush null-magic mantle dans ce matchup et elle ne vous fera jamais de one-shot avec son combo. Utilisez votre W quand elle vous Qs pour atténuer les dégâts pendant l'échange. Elle cherchera à vous harceler avec ses AA à longue portée. Cherchez à l'allumer dès qu'elle utilise son étourdissement passif. Elle n'aura aucun moyen de se rétablir et devra faire un flash.,"Lame de doran, Potion",https://ddragon.leagueoflegends.com/cdn/img/champion/splash/Annie_0.jpg
Aurelion Sol,"Q 12-8, W 8-2, E 80-60, R 110-70",2,"Ce matchup est assez facile, il suffit de faire de votre mieux pour ne pas le laisser vous piquer avec son W ou ses AA. La plupart des ASols opteront pour le push et le roam, alors faites du farm et du ping mia pour que votre équipe ne meure pas à cause de ses roams. Vous pouvez esquiver sa Q en utilisant correctement votre E et/ou votre Q3. Lorsqu'il vous fait une attaque, vous pouvez également utiliser votre ult et vous ne serez pas renvoyé en arrière parce que vous l'avez frappé avec.","Lame de doran, Potion",https://ddragon.leagueoflegends.com/cdn/img/champion/splash/AurelionSol_0.jpg
Azir,"Q 14-6, W 1.5, 8-6, E 19-15, R 120-90",6,"Ce matchup est assez équilibré, à condition que vous ne le laissiez pas vous harceler gratuitement. Vous pouvez annuler le CC de son Ult avec votre Q3 ou votre Ult. Utilisez votre W pour bloquer les dégâts de son Q. Placez-vous au-dessus de lui pour qu'il ne puisse pas faire de E et s'échapper. Si son E entre en collision avec vous, cela l'empêchera de prendre tout le E.","Bouclier de doran, Potion",https://ddragon.leagueoflegends.com/cdn/img/champion/splash/Azir_0.jpg
Brand,"Q 8-6, W 10-8, E 12-8, R 105-75",2,"Ce matchup est vraiment facile, à condition que vous puissiez esquiver sa Q et sa W. Faites des échanges très courts avec lui et il ne sera jamais capable de vous faire un full combo. Il n'y a pas beaucoup de gens qui jouent ce champion en dehors du support, donc vous ne jouerez que rarement contre le Brand mid. Ne lui faites pas de Q3 ou il vous fera un full combo.","Bouclier de doran, Potion",https://ddragon.leagueoflegends.com/cdn/img/champion/splash/Brand_0.jpg
Camille,"P 20-10, Q 9-6, W 17-11, E 16-12, R 140-90",6,"Cette championne est toujours très forte même après tous les nerfs. Elle prendra probablement TP/Ignite. Ne vous tenez pas à côté des murs ou elle vous fera tout simplement entrer. Restez hors de sa portée AA lorsque son Q2 est actif. Utilisez votre W en réponse à son W. Tant que vous conservez vos objets et votre or, vous devriez être capable de la battre à 1 contre 1. Celui qui touche son mythique en premier prendra le contrôle de la voie. Votre E peut aussi arrêter son R si vous avez le bon timing. Utilisez votre E pour esquiver son E.","Lame de doran, Potion",https://ddragon.leagueoflegends.com/cdn/img/champion/splash/Camille_0.jpg
Cassiopeia,"Q 3.5, W 24-16, E .75, R 120-80",8,"Ce matchup dépend de la qualité de la Cass. Faites de votre mieux pour esquiver son Q poke. Vous ne pouvez jamais faire de Q3 sur elle, sinon elle va vous ult. Son W vous empêche de Q3'ing, E'ing, et de retourner à votre E. Utilisez votre E pour esquiver sa Q si nécessaire. Elle est très sensible aux ganks, alors essayez de geler la vague à votre tour et appelez la jungle à l'aide. Ne vous en prenez à elle que si elle rate sa Q en essayant de vous harceler. L'ulting à portée maximale est mieux que le Q3'ing car elle ne peut pas réagir à moins qu'elle ne flashe.","Bouclier de doran, Potion",https://ddragon.leagueoflegends.com/cdn/img/champion/splash/Cassiopeia_0.jpg
Chogath,"Q 6, W 13-9, E 8-4, R 80",4,"Tank Cho'Gath est beaucoup plus facile que AP Cho'Gath. Il est très sensible aux ganks, alors essayez de geler la vague à votre tour et appelez la jungle à l'aide. Restez toujours en mouvement lorsqu'il vous réduit au silence afin d'esquiver sa Q. Utilisez votre W lorsqu'il vous Ws. Esquivez également son E poke. Si jamais vous voyez son ult, vous pouvez gagner le all-in. S'il a l'ult, n'essayez pas de l'all-in.","Lame de doran, Potion",https://ddragon.leagueoflegends.com/cdn/img/champion/splash/Chogath_0.jpg
Corki,"P 240, Q 8, W 20-16, E 16, R 2",1,"Ce matchup est incroyablement facile. Son début de partie est à peu près inexistant. Essayez d'appâter son W, afin de pouvoir lui faire un all-in. La seule façon de perdre cette voie est de le laisser vous harceler librement ou de ne rien faire. Lorsqu'il a sa fusée "" Big One "", n'essayez pas d'échanger ou de faire un all-in avec lui. Essayez de l'esquiver, puis échangez","Lame de doran, Potion",https://ddragon.leagueoflegends.com/cdn/img/champion/splash/Corki_0.jpg
Darius,"Q 9-5, W 5, E 24-14, R 120-80",9,"Ce matchup est incroyablement difficile, quelle que soit la façon dont vous le jouez. Un bon Darius gèlera la vague à sa tour et vous ne pourrez pas jouer le jeu. Si vous vous approchez, il se contentera de Ghost, vous écrasera et vous tuera à répétition. La seule chance que vous avez de survivre est de partir immédiatement en ult. Ne le laissez jamais 5 stacker son passif ou vous êtes mort ou très chunked. Gardez votre E pour quand il utilise Q pour esquiver le sweet spot. Prenez des échanges courts contre lui et faites de votre mieux pour kiter. Vous ne gagnerez jamais en 1v1 tant que vous n'aurez pas Shieldbow.","Lame de doran, Potion",https://ddragon.leagueoflegends.com/cdn/img/champion/splash/Darius_0.jpg
Diana,"Q 8-6, W 15-9, E 22-14, R 100-80",5,"Ce matchup est assez équilibré, à condition que vous puissiez esquiver son harcèlement Q. Elle est meilleure au début car elle a Hextech Alternator et sorc shoes. Dès que vous obtenez shieldbow, elle ne peut plus vous tirer dessus et vous prenez facilement le contrôle de la voie. Essayez toujours d'y aller quand elle rate sa Q. Si elle touche sa Q, reculez.","Lame de doran, Potion",https://ddragon.leagueoflegends.com/cdn/img/champion/splash/Diana_0.jpg
Dr. Mundo,"P 60-15, Q 4, W 17-15, E 8-6, R 110-90",4,"Cette voie est assez facile, mais elle peut être ennuyeuse. Esquivez toutes ses Q. Son passif annule votre Q3 ainsi que votre R, alors essayez de vous en débarrasser avant de l'ult et assurez-vous de marcher sur la capsule qui se détache lorsque vous le faites. Vous n'avez plus besoin de vous précipiter sur le bourreau parce que vous endommagez mieux son sustain. Ne vous cachez pas derrière les minions qui sont sur le point de mourir ; il les E et vous prendrez beaucoup de dégâts.","Lame de doran, Potion",https://ddragon.leagueoflegends.com/cdn/img/champion/splash/DrMundo_0.jpg
Ekko,"Q 9-7, W 22-14, E 9-7, R 110-50",3,"Cette voie est assez facile. Il va toujours sortir de votre Q3 et faire un trade massif sur vous. Il est très mobile, alors essayez de le prendre au dépourvu quand il va faire un cs. Faites toujours attention à son ombre ult et à son W ou vous mourrez. Soyez toujours attentif au signal audio.","Lame de doran, Potion",https://ddragon.leagueoflegends.com/cdn/img/champion/splash/Ekko_0.jpg
Fiora,"Q 13-6, W 24-16, E 11-7, R 110-70",8,"Cette voie est assez difficile, mais elle est facilement gagnable si vous jouez mieux. Ne lui faites jamais de Q3 ou elle vous parera et vous mourrez. Faites attention aux vitaux. Vous pouvez sortir de sa vision pour en obtenir une nouvelle si nécessaire. Rush Executioner's Calling en début de partie pour limiter ses soins. Vous pouvez appâter sa parade en effectuant un Q3 dans une direction différente de celle où elle se trouve. Cherchez à la combattre lorsque sa parade est désactivée, sinon vous ne pourrez pas la combattre.","Lame de doran, Potion",https://ddragon.leagueoflegends.com/cdn/img/champion/splash/Fiora_0.jpg
Fizz,"Q 8-6, W 7-5, E 16-8, R 100-70",6,"Ce matchup est assez équilibré. Gardez votre E pour esquiver son E. Le manteau de nullité magique précoce est bon, similaire au matchup Annie afin qu'il ne puisse jamais vous mettre 100 à 0. Conservez votre W pour bloquer une grande partie de son burst trade lorsqu'il vous envoie des Qs. Il peut annuler l'animation de son Ult avec son Q, alors soyez-en conscient. Utilisez votre E pour esquiver son shark également.","Lame de doran, Potion",https://ddragon.leagueoflegends.com/cdn/img/champion/splash/Fizz_0.jpg
Galio,"P 5, Q 12-10, W 18-16, E 12-8, R 200-160",3,"Cette voie est très ennuyeuse. Galio ne peut jamais vous tuer à moins d'être aidé. Ses dégâts sont tout simplement trop faibles. La partie la plus ennuyeuse de cette voie est sa configuration folle de gank, donc soyez très prudent si vous vous étendez trop et faites de votre mieux pour jouer autour de la vision. Ping mia quand il décide de roamer après vous avoir poussé sous la tour. Vous pouvez annuler son W avec votre E si vous le faites correctement.","Lame de doran, Potion",https://ddragon.leagueoflegends.com/cdn/img/champion/splash/Galio_0.jpg
Gangplank,"P 15, Q 4.5, W 22-14, E 18-14, R 180-140",7,"Un bon GP est un cauchemar pour n'importe qui. Son poke q est oppressant, surtout après qu'il ait acheté Sheen. Ne le laissez pas proc grasp gratuitement, jouez la sécurité jusqu'à zerks et vamp scepter et vous devriez être en mesure de prendre le lane assez facilement. Cependant, une fois que vous avez Shieldbow, vous pouvez le mettre à la poubelle. Faites très attention à ses barils, car ils font des dégâts massifs et vous ralentissent pendant un moment. Si vous montez pour CS, synchronisez votre W avec son Q pour éviter les dégâts de poke.","Bouclier de doran, Potion",https://ddragon.leagueoflegends.com/cdn/img/champion/splash/Gangplank_0.jpg
Garen,"P 8, Q 8, W 23-15, E 9, R 120-80",7,"Ce matchup est incroyablement ennuyeux à cause de son sustain et de son W. Ils prennent généralement l'ignite et essaient de vous avoir. Lorsque vous vous engagez sur lui, il va probablement utiliser son W. Si cela se produit, il suffit de E back et d'attendre pour échanger avec lui. Essayez toujours de revenir en arrière quand il va vous Q ou vous perdrez les échanges de manière très importante. Farm jusqu'à Shiedlbow et vous aurez plus de facilité à le combattre.","Lame de doran, Potion",https://ddragon.leagueoflegends.com/cdn/img/champion/splash/Garen_0.jpg
Gnar,"Q 20-10, E 22-12, R 90-30",4,"Ce matchup est assez facile, à condition d'esquiver ses Qs. Ne le combattez que lorsqu'il est en mini-gnar car il est beaucoup plus petit et a moins de HP. Ne vous positionnez jamais près d'un mur s'il est en Mega Gnar car il vous E et Ult dans le mur et vous chainera et vous mourrez. Vous pouvez amortir son Mega Gnar W ou Ult avec votre E ou votre propre Ult. Ne jamais Q3 dans lui quand il est en Mega Gnar ou il va juste vous W et full combo vous.","Lame de doran, Potion",https://ddragon.leagueoflegends.com/cdn/img/champion/splash/Gnar_0.jpg
Graves,"Q 12-8, W 26-18, E 16-12, R 120-60",5,"Ce matchup est assez équilibré. Il cherchera juste à vous pousser en 24/7, donc jouez juste à l'échelle et pour le farm. Faites de votre mieux pour ne pas interagir avec lui ; il fait beaucoup de dégâts et a beaucoup de burst ainsi que de waveclear. Ne vous alignez pas près d'un mur ou son Q vous touchera à 100%. Assurez-vous de suivre ses piles de E.","Bouclier de doran, Potion",https://ddragon.leagueoflegends.com/cdn/img/champion/splash/Graves_0.jpg
Gwen,"Q 6.5-3.5, W 22-14, E 13-9, R 120-80",3,"Ce matchup est assez facile pour Yone. Gwen est aussi un champion à échelle, donc la voie n'est pas trop difficile. Yone est très mobile, vous pouvez donc facilement esquiver sa Q et sortir de son Ult en toute sécurité. Gardez à l'esprit que vos R et Q3 ne la toucheront pas si vous êtes en dehors de sa W. Respectez son niveau 1 car elle est incroyablement forte avec le nouveau Lethal Tempo.","Bouclier de doran, Potion",https://ddragon.leagueoflegends.com/cdn/img/champion/splash/Gwen_0.jpg
Heimerdinger,"Q 20, W 11-7, E 12, R 100-70",6,"Ne vous battez pas contre lui s'il a beaucoup de tourelles, car il détruira la plupart de vos HP. Utilisez votre E pour esquiver son E. Faites attention en utilisant Q3 sur lui car il peut et va vous E et vous mourrez. Il est fort probable qu'il vous pousse sous la tour, alors jouez simplement pour faire du farm et du scale. Vous pouvez seulement aller sur lui quand il n'a pas beaucoup de tourelles vers le bas et son E est sur le cooldown.","Bouclier de doran, Potion",https://ddragon.leagueoflegends.com/cdn/img/champion/splash/Heimerdinger_0.jpg
Illaoi,"P 20-7.25, Q 10-6, W 4, E 16-12, R 120-70",5,"Ce matchup peut être très ennuyeux si vous ne pouvez pas esquiver ses Es. Faites de votre mieux pour juke avec votre propre E et la vitesse de mouvement que vous obtenez de celui-ci pour esquiver son E et ses tentacules. Après qu'elle ait atteint le niveau 6, désengagez-vous instantanément à moins que vous ne sachiez que vous pouvez la tuer. Elle est incroyablement forte au niveau 6. Elle ne fait pas vraiment grand chose si vous pouvez esquiver son Es cependant. Elle fait quand même beaucoup de dégâts. Vous ne pouvez gagner un all-in que si son Ult et son E sont à terre.","Lame de doran, Potion",https://ddragon.leagueoflegends.com/cdn/img/champion/splash/Illaoi_0.jpg
Irelia,"Q 11-7, W 20-12, E 18-12, R 140-100",10,"Ce matchup est un cauchemar absolu pour Yone. Peu importe si tu joues bien, ou si Irelia est mauvaise. Sa championne est juste meilleure. Joue pour survivre jusqu'à Shieldbow. Même alors, ce matchup est toujours très difficile. Si jamais elle se fige sur vous, vous ne pouvez pas jouer le jeu. Vous ne pouvez pas marcher, comme dans le match de Darius. Elle va juste vous écraser et vous tuer. C'est mon permaban personnel pour la voie supérieure. Faites de votre mieux pour esquiver son E avec votre E. Vous ne pourrez jamais la combattre si son passif est empilé ; vous perdrez toujours le trade/all-in.","Lame de doran, Potion",https://ddragon.leagueoflegends.com/cdn/img/champion/splash/Irelia_0.jpg
Jax,"Q 8-6, W 7-3, E 14-8, R 80",9,"Ce matchup est incroyablement difficile. Jouez juste pour des échanges courts contre lui. Gardez votre E pour quand il fait un Q sur vous et Es pour éviter le stun. Une fois que vous avez Shieldbow, la voie devient beaucoup plus facile. Vous ne gagnerez jamais un stat check contre lui, alors faites de votre mieux pour le kiter et ne le combattez que lorsque vous êtes dans votre E. Si vous faites un trade prolongé avec lui, vous perdrez toujours à cause de son passif, de ses dégâts mixtes et de son E.","Lame de doran, Potion",https://ddragon.leagueoflegends.com/cdn/img/champion/splash/Jax_0.jpg
Jayce,"Q 16-6, W 10, E 20-10, R 6",8,"Un bon Jayce est un cauchemar pour n'importe qui. Il cherchera à vous piquer dans et hors des buissons au niveau 1, alors ne prenez pas trop de dégâts gratuits. Cependant, si vous le prenez au dépourvu dans les buissons, vous pouvez l'affronter au niveau 1 et forcer son flash. Faites toujours attention à son combo QE. Surveillez les barres de HP des minions car il cherchera à vous surprendre avec. Faites de votre mieux pour farm et scale. Son ult cd est de 6 secondes, donc profitez de ce cooldown quand c'est possible. Il fait beaucoup de dégâts, alors faites de votre mieux pour esquiver ses capacités. Si vous tentez un all-in, faites-le lorsqu'il est en forme de canon. La forme marteau lui donne plus de résistances.","Bouclier de doran, Potion",https://ddragon.leagueoflegends.com/cdn/img/champion/splash/Jayce_0.jpg
Karma,"Q 9-5, W 12, E 10-8, R 40-34",5,"Ce matchup est assez facile. Elle ne vous tuera jamais à moins que vous ne soyez touché par tout. Son poke est très ennuyeux au début, mais avec le Bouclier de Doran et Second Vent, ce n'est pas un problème. Jouez juste pour farmer et progresser. Ne restez pas dans son Mantra W, elle va surcompenser vos dégâts et vous enraciner pour un moment.","Bouclier de doran, Potion",https://ddragon.leagueoflegends.com/cdn/img/champion/splash/Karma_0.jpg
Karthus,"Q 1, W 15, E .5, R 200-160",1,"Cette voie est probablement l'une des plus faciles. Rush zerks afin que vous puissiez esquiver ses Qs plus facilement et la voie est du gâteau. Il n'a pas de CC pour vous. Personne ne joue vraiment ce champion à moins qu'il ne s'agisse d'un one trick, donc vous ne l'affronterez pas souvent.","Lame de doran, Potion",https://ddragon.leagueoflegends.com/cdn/img/champion/splash/Karthus_0.jpg
Kassadin,"Q 11-9, W 7, E 5, R 5-2",4,"Ce matchup semble assez facile, mais un bon Kassadin peut rendre cette voie épuisante. Il fait beaucoup plus de dégâts que ce à quoi la plupart des gens s'attendent, surtout quand il prend electrocute. Votre spam Q l'aidera à utiliser davantage son E, alors soyez-en conscient. Faites de votre mieux pour vous espacer correctement afin qu'il ne puisse pas vous AA, W, Q. Au niveau 6, il est beaucoup plus fort. Cherchez à l'allumer quand il utilise son Ult.","Lame de doran, Potion",https://ddragon.leagueoflegends.com/cdn/img/champion/splash/Kassadin_0.jpg
Katarina,"Q11-7, W 15-11, E 14-8, R 90-45",4,"Cette voie est assez ennuyeuse car elle se contente de vagabonder. Ne restez pas sur ou près de ses dagues, ou elle cherchera à échanger avec vous. Vous la surpassez largement en termes de soutien. Il suffit de pinger ses roams car ils comptent sur cela pour se nourrir. Elle esquivera probablement votre Q3 et Ult avec son E, alors essayez de l'all-in quand elle ne l'a pas. Lorsque vous cherchez un échange, allez sur elle avec Q1 ou Q2 ; elle esquivera facilement votre Q3.","Lame de doran, Potion",https://ddragon.leagueoflegends.com/cdn/img/champion/splash/Katarina_0.jpg
Kayle,"Q 12-8, W 15, E 8-6, R 160-80",1,"Il n'y a pas de voie plus facile pour Yone. Ne la combattez pas au niveau 1 avec Lethal Tempo car elle est beaucoup plus forte avec. Vous pouvez l'allumer en permanence quand vous voulez jusqu'au niveau 6. Elle ne peut pas marcher vers la vague trop tôt, sinon elle se fera chunker. Au niveau 6, cela devient un peu plus difficile à cause de sa portée, mais il suffit d'obtenir des Q3 et de lui faire un all-in avec votre E. Si elle fait un ults, il suffit de faire un E en arrière et d'attendre que votre E se lève à nouveau et de lui faire un all-in à nouveau.","Lame de doran, Potion",https://ddragon.leagueoflegends.com/cdn/img/champion/splash/Kayle_0.jpg
Kennen,"Q 8-4, W 14-6, E 10-6, R 120",8,"Ce matchup est très ennuyeux au début. Il cherchera à vous poke vers le bas lorsque vous allez pour cs, alors ne prenez pas de dommages gratuits. Jouez en sécurité et jouez à l'échelle. Les échanges courts sont les plus efficaces dans ce matchup. Prenez un manteau tôt dans la partie, comme dans le match contre Annie et il ne pourra jamais vous mettre 100 à 0. Si contre Kennen mid, je prendrais exhaust car il contre son ult.","Bouclier de doran, Potion",https://ddragon.leagueoflegends.com/cdn/img/champion/splash/Kennen_0.jpg
Kled,"Q 11-7, W 14-8, E 13-9, R 160-120",7,"Faites de votre mieux pour esquiver ses Qs ou vous perdrez tous les échanges. N'essayez pas d'échanger avec lui lorsque son W est actif ; il fait beaucoup de dégâts. Si vous lui faites un Q3, il vous fera un Q et vous perdrez l'échange. Faites un all-in sur lui quand il n'est pas monté ; il est très immobile et ne pourra pas esquiver votre Q3 ou votre Ult.","Lame de doran, Potion",https://ddragon.leagueoflegends.com/cdn/img/champion/splash/Kled_0.jpg
Leblanc,"P 60, Q 6, W 18-10, E 14-11, R 60-30",9,"Ce matchup est incroyablement difficile. Non seulement elle vous fait chier en 1v1, mais elle a aussi un très bon setup de gank, tout comme Galio. Utilisez votre W quand elle vous lance Q. Essayez de geler la vague sur votre tour. Jouez ce matchup à l'échelle. Si vous êtes à égalité contre elle, vous avez déjà gagné. Ne lui faites jamais de Q3 car elle vous enchaînera doublement et vous mourrez.","Bouclier de doran, Potion",https://ddragon.leagueoflegends.com/cdn/img/champion/splash/Leblanc_0.jpg
Lissandra,"Q 8-4, W 14-10, E 24-12, R 120-80",3,"Cette voie est assez facile, mais vous ne pouvez jamais vraiment la tuer. Elle est trop sûre et s'en ira si vous essayez de la combattre. Elle a un incroyable setup de gank similaire à Galio et Leblanc. Je prendrais Cleanse dans ce matchup si vous n'êtes pas trop confiant. Optez pour des échanges courts avec elle. Chronométrez votre E pour son Ult.","Bouclier de doran, Potion",https://ddragon.leagueoflegends.com/cdn/img/champion/splash/Lissandra_0.jpg
Lucian,"Q 9-5, W 14-10, E 22-14, R 110-90",9,"Ce matchup est incroyablement ennuyeux. Concentre-toi sur ta survie. Vous ne pourrez jamais le combattre tant que vous n'aurez pas de zerks et de sceptres de vampires. Ne le laissez pas vous piquer gratuitement. Respectez son niveau 1. Ne l'attaquez pas avec Q3, il ne fera que E out et out trade. Au lieu de cela, E sur lui avec Q1 ou Q2, puis échangez avec lui. Ne vous alignez pas avec des minions car son Q fait beaucoup de dégâts.","Bouclier de doran, Potion",https://ddragon.leagueoflegends.com/cdn/img/champion/splash/Lucian_0.jpg
Lulu,"Q 7, W 17-13, E 8, R 120-80",3,"Ce matchup est facile, mais ennuyeux. Une fois que vous aurez le sceptre des vampires, vous pourrez supporter ses dégâts. Son W est très ennuyeux quel que soit l'état du jeu. Essayez toujours de revenir en arrière quand elle vous Ws afin que vous ne preniez pas de dommages gratuits. Rappelez-vous qu'elle a beaucoup de boucliers et son Ult de guérison. Ne vous laissez pas appâter lorsque vous essayez de lui faire un all-in.","Bouclier de doran, Potion",https://ddragon.leagueoflegends.com/cdn/img/champion/splash/Lulu_0.jpg
Lux,"Q 11, W 14-10, E 10-8, R 60-40",4,"Ce matchup est ennuyeux au début, mais il est encore assez facile. Essayez toujours d'esquiver son E et son Q ou vous vous ferez chunker. Ne lui faites jamais de Q3 ou elle vous fera un full combo. Ne le faites que si vous savez qu'elle a déjà utilisé E et/ou Q.","Bouclier de doran, Potion",https://ddragon.leagueoflegends.com/cdn/img/champion/splash/Lux_0.jpg
Malphite,"P 10-6, Q 8, W 12, E 7, R 130-80",6,"Un des tanks les plus ennuyeux à cause du ralentissement de la vitesse d'attaque de son E et de son armure en début de partie. Son poke précoce est très ennuyeux, donc faites de votre mieux pour W quand il Qs. Il ne devrait jamais être capable de vous tuer en 1v1, mais au niveau 6, faites attention à son Ult, surtout si son jungler est proche. Vous allez soit mourir, soit devoir faire un flash.","Bouclier de doran, Potion",https://ddragon.leagueoflegends.com/cdn/img/champion/splash/Malphite_0.jpg
Malzahar,"P 30-12, Q 6, W 8, E 15-7, R 140-80",2,"Ce matchup est très libre. Vous pouvez évoluer librement et il n'a pas de pression de mort sur vous jusqu'au niveau 6. Le seul point négatif de ce matchup est que vous êtes obligé d'acheter un QSS. Ne vous précipitez pas, achetez plutôt des zerks, puis un sceptre de vampire, et enfin un QSS dans Shieldbow. Vous pouvez pratiquement le tuer sur le cooldown car il est tellement immobile et sournois.","Lame de doran, Potion",https://ddragon.leagueoflegends.com/cdn/img/champion/splash/Malzahar_0.jpg
Maokai,"P 30-20, Q 8-5, W 13-9, E 10, R 120-80",3,"Probablement le matchup de tank le plus facile. La seule façon de mourir, c'est si vous vous étendez trop et qu'il prépare un gank sur vous. Restez loin des brosses et il ne vous fera rien. Vous pouvez casser son W et Ult avec un bon timing E ou Q3.","Lame de doran, Potion",https://ddragon.leagueoflegends.com/cdn/img/champion/splash/Maokai_0.jpg
Mordekaiser,"Q 9-4, W 12-8, E 18-10, R 140-100",4,"Ce matchup est assez facile si vous pouvez esquiver ses Qs. N'échangez jamais sans votre E car s'il reste sur vous, il vous tuera probablement, mais même dans ce cas, Lethal Tempo est tellement cassé en ce moment que cela n'a probablement aucune importance. Votre E peut annuler son ult avec un bon timing. Ne le combattez pas lorsque son bouclier W est actif. Attendez qu'il disparaisse, puis cherchez à vous réengager.","Lame de doran, Potion",https://ddragon.leagueoflegends.com/cdn/img/champion/splash/Mordekaiser_0.jpg
Nasus,"Q 7.5-3.5, W 15-11, E 12, R 120",3,"Gagnez cette voie en vous gelant à votre tour. Il est tellement immobile et incroyablement facile à ganker. Echangez avec lui quand il va chercher des piles, car c'est son seul moyen de faire des dégâts. Dès qu'il vous flétrit, désengagez-vous. Les ralentissements de la vitesse d'attaque et de la vitesse de déplacement sont oppressants. Vos échanges sont plus efficaces quand vous avez votre E à cause des vrais dégâts sur le proc de la marque. Au niveau 6, faites attention car c'est à ce moment qu'il est le plus fort. Il suffit de se désengager et de faire du kite quand il essaie de vous all-in.","Lame de doran, Potion",https://ddragon.leagueoflegends.com/cdn/img/champion/splash/Nasus_0.jpg
Neeko,"P 25-10, Q 7, W 20-16, E 12-10, R 90",5,"Ce matchup est très ennuyeux. Vous ne pouvez jamais faire de Q3 avec elle ou elle va juste vous E et vous faire un full combo. E de retour quand elle canalise son ult. Si vous êtes touché par son E, préparez-vous à perdre lane ou la plupart de vos HP. Utilisez votre ult après qu'elle utilise son W afin d'avoir une vision d'elle. Si vous la touchez lorsqu'elle utilise son W alors que vous êtes dans votre E, la marque E montrera la vraie neeko. Ne la laissez pas vous piquer gratuitement avec ses autos et sa W passive.","Bouclier de doran, Potion",https://ddragon.leagueoflegends.com/cdn/img/champion/splash/Neeko_0.jpg
Orianna,"Q 6-3, W 7, E 9, R 110-80",5,"Probablement le matchup le plus équilibré pour Yone. Son poke est très ennuyeux au début, mais elle est très immobile. Ne la laissez pas vous auto ou poke gratuitement et cette voie est beaucoup plus facile pour vous. Elle est assez résistante grâce à son E passif quand sa balle est sur elle. Cherchez un échange ou un all-in quand sa balle n'est pas sur elle ou quand elle utilise Q et/ou W. Vous commencez à gagner aux zerks et au vamp scepter.","Bouclier de doran, Potion",https://ddragon.leagueoflegends.com/cdn/img/champion/splash/Orianna_0.jpg
Ornn,"Q 9-7, W 12-10, E 16-12, R 140-100",3,Un des matchs de tank les plus faciles. Vous pouvez vous déplacer gratuitement car il ne fait pas de dégâts. Faites juste de votre mieux pour esquiver ses Q et ne restez pas près de ses Q ou de ses murs à cause de son E. Ne le laissez pas vous auto W et cette voie est gratuite. Vous pouvez E pour esquiver son ult si vous le faites correctement. Gardez votre E pour quand il vous Ws ; vous passerez derrière lui et il n'aura pas le brittle sur vous.,"Lame de doran, Potion",https://ddragon.leagueoflegends.com/cdn/img/champion/splash/Ornn_0.jpg
Pantheon,"Q 13-8, W 13-9, E 22-16, R 180-150",XD,"Ce matchup est impossible en début de partie, sauf s'il joue mal. Son kit ne fait que contrer le vôtre. Vous n'avez aucun moyen d'échanger avec lui à cause de son E. Il peut vous faire un full combo à répétition et vous n'avez aucun moyen de réagir ou de le surpasser. Vous devez jouer en toute sécurité dans cette voie ou vous allez mourir encore et encore. Ne vous approchez pas quand il a son passif complètement empilé. Vous n'avez vraiment une chance qu'après avoir obtenu Shieldbow, mais même là, son champion est tout simplement meilleur en début de partie. Jouez avec l'objectif de changer d'échelle. Utilisez votre W lorsqu'il vous fait des Q ou des W pour esquiver une partie des dégâts. Vous pouvez E son W si vous le faites correctement.","Lame de doran, Potion",https://ddragon.leagueoflegends.com/cdn/img/champion/splash/Pantheon_0.jpg
Poppy,"P 13-7, Q 8-4, W 24-16, E 14-10, R 140-100",8,"Ce matchup est très difficile si elle est bonne. Elle a des dégâts de base très élevés et son W contrarie tout votre kit. Si vous lui faites un Q3 ou un E, vous serez cloué au sol pendant un moment et elle pourra vous battre. Essayez de marcher sur son passif quand elle l'utilise pour farmer. Ne vous approchez PAS des murs pour quelque raison que ce soit, sinon vous mourrez/se faites chunker. Si elle utilise son passif sur vous, faites juste les dégâts. A Shieldbow, cette voie est un peu plus facile, mais Poppy reste Poppy.","Lame de doran, Potion",https://ddragon.leagueoflegends.com/cdn/img/champion/splash/Poppy_0.jpg
Qiyana,"Q 7, W 7, E 12-8, R 120",7,Ce matchup est une aide grâce à sa furtivité et sa mobilité. L'armure de tissu tôt est bonne ici ainsi elle ne peut pas 100 à 0 vous. Faites de votre mieux pour esquiver ses Qs. Vous pouvez esquiver son ult avec votre E ou ult. Elle peut vraiment punir votre positionnement ; ne vous tenez pas près des murs ou vous mourrez ou serez vraiment chunky. Faites un ping lorsqu'elle est mia car elle adore vagabonder. Soyez prudent dans la rivière car son ult vous étourdira également.,"Lame de doran, Potion",https://ddragon.leagueoflegends.com/cdn/img/champion/splash/Qiyana_0.jpg
Quinn,"Q 11-9, W 50-30, E 12-8, R 3",6,"Ce matchup est seulement ennuyeux au début à cause de sa portée. Vous ne pouvez pas E sur elle, sinon elle vous E en retour. Au lieu de cela, vous devriez E dans Q3. Ne la laissez pas vous piquer gratuitement et donnez des cs quand c'est nécessaire, mais faites de votre mieux pour rester à portée de xp. Vous êtes plus fort qu'elle à Shieldbow, alors faites de votre mieux pour le farmer.","Bouclier de doran, Potion",https://ddragon.leagueoflegends.com/cdn/img/champion/splash/Quinn_0.jpg
Renekton,"Q 8, W 13-9, E 18-14, R 120",10,"Ce matchup est impossible à gagner en 1v1 juste parce que son kit contre le vôtre. Un tabis précoce est indispensable. La seule fenêtre que vous avez pour le battre tôt est au niveau 1 et au niveau 2 ; il est incroyablement faible à ce stade. Après cela, vous ne pouvez pas échanger avec lui, sauf s'il joue mal. Soyez très prudent s'il utilise Prowler's car il vous fera 100 à 0 même avec des tabis. Au niveau 6, vous ne pouvez toujours pas le combattre, alors faites de votre mieux pour ne pas mourir à répétition.","Lame de doran, Potion",https://ddragon.leagueoflegends.com/cdn/img/champion/splash/Renekton_0.jpg
Riven,"Q 13, W 11-7, E 10-6, R 120-60",10,"Ce matchup est un cauchemar et il est totalement sous le contrôle de Riven. Son champion est tout simplement meilleur. Elle peut simplement vous engager en perma, vous cc en perma, et vous mettre à 100 à 0 avec Conq. Faites de votre mieux pour farmer et progresser. Au niveau 6, si vous faites un faux pas ou utilisez votre E de manière incorrecte, vous mourrez. Elle vous contrôle en permanence.","Lame de doran, Potion",https://ddragon.leagueoflegends.com/cdn/img/champion/splash/Riven_0.jpg
Rumble,"Q 10-6, W 6, E .5/ 6, R 100-70",8,"Ce matchup est très difficile. Il peut tout rater et quand même vous tuer à cause de la façon dont sa chaleur fonctionne. Faites de votre mieux pour esquiver ses Es car ils lui donnent plus de stylo magique. Ne le combattez pas quand il utilise Q ou vous perdrez toujours l'échange. Ping mia car les Rumbles adorent se déplacer. Il fait beaucoup trop de dégâts pour que Yone puisse les gérer. Ne vous battez PAS contre lui lorsqu'il est en surchauffe, ses autos surpassent les vôtres.","Bouclier de doran, Potion",https://ddragon.leagueoflegends.com/cdn/img/champion/splash/Rumble_0.jpg
Ryze,"Q 6, W 13-9, E 3.5-2.5, R 210-150",5,"Il est très ennuyeux en début de partie. Il ne fait que vous pousser à l'intérieur. Ce matchup est beaucoup plus facile avec Lethal Tempo, mais il fait toujours une quantité décente de dégâts. Ne le laissez pas vous harceler gratuitement. Ne restez pas près de la vague quand il fait son EQ ou vous serez touché aussi. Vous pouvez le tuer au niveau 6 s'il fait un faux pas ou s'il reste trop longtemps. S'il essaie de s'éloigner par Ult, Q3 ou ult et son ult sera annulé.","Bouclier de doran, Potion",https://ddragon.leagueoflegends.com/cdn/img/champion/splash/Ryze_0.jpg
Seraphine,"Q 10-5, W 26-22, E 13-9, R 160-100",1,"Ce matchup est gratuit. Vous pouvez changer d'échelle, elle n'a pas de pression pour tuer, sauf si vous essayez de vous faire frapper par tout. Vous la roulez à Shieldbow, alors faites du farm jusque là. Elle joue super loin derrière, alors concentrez-vous sur le cs'ing plutôt que d'essayer de la tuer. Elle peut être ennuyeuse à cause de son sustain, de ses boucliers et de ses mouvements.
vitesse.","Lame de doran, Potion",https://ddragon.leagueoflegends.com/cdn/img/champion/splash/Seraphine_0.jpg
Sett,"Q 9-5, W 18-12, E 16-10, R 120-80",9,"Ce matchup est assez difficile. Ne vous approchez pas de vos serviteurs, sinon il vous étourdira et vous fera perdre du terrain. Il vous soutient aussi grâce à son passif. Gardez votre E pour esquiver son W. Il ne fait que vous contrôler tout au long du match, donc vous ne gagnerez probablement jamais en 1v1 à moins de le surpasser. Lane est un peu plus facile après Shieldbow, mais Sett est Sett.","Lame de doran, Potion",https://ddragon.leagueoflegends.com/cdn/img/champion/splash/Sett_0.jpg
Shen,"P 10, Q 8-5, W 18-12, E 18-10, R 200-160",8,"Ce matchup est difficile. Essayez d'esquiver son E avec le vôtre. Ne le combattez pas sur son W. Jouez juste à l'échelle. Cette voie est beaucoup plus facile après Shieldbow. Pointez-le quand il est à 6 et essayez de suivre son ult cd. Ne marchez pas entre lui et son épée, car si elle vous traverse, il vous ralentira et fera plus de dégâts.","Lame de doran, Potion",https://ddragon.leagueoflegends.com/cdn/img/champion/splash/Shen_0.jpg
Singed,"Q 1, W 17-13, E 10-8, R 120-100",3,"Règle n°1 de League of Legends : Ne pas courir après Singed. Vous pouvez le tuer au niveau 1 grâce à Lethal Tempo. Son W contre votre Q3 et votre E, alors essayez simplement de ne pas vous battre avec lui quand il l'utilise. Dès qu'il fait un ults, désengagez-vous ; il obtient tellement de stats gratuites que cela ne vaut pas la peine de perdre votre temps ou de faire des dégâts pour le combattre. Lane est très facile après Shieldbow.","Lame de doran, Potion",https://ddragon.leagueoflegends.com/cdn/img/champion/splash/Singed_0.jpg
Sion,"Q 10-6, W 15-11, E 12-8, R 140-60",3,"Ce matchup est incroyablement facile. Il a des cooldowns très longs au début, donc il faut en profiter. Plus tard dans la voie, c'est plus ennuyeux à cause de la façon dont il devient tanky, mais ses capacités sont tellement télégraphiées qu'il ne devrait jamais vous tuer. Respectez les buissons et ne le laissez pas charger complètement Q sur vous. Vous pouvez casser son W avant qu'il ne charge pour bloquer ses dégâts. Vous pouvez faire un perma all-in avec E ; les vrais dégâts de la marque vous aideront pour les échanges.","Lame de doran, Potion",https://ddragon.leagueoflegends.com/cdn/img/champion/splash/Sion_0.jpg
Sylas,"Q 10-6, W 13-6, E 14-10, R 100-40",6,"Ce matchup est ennuyeux à cause de son sustain et de son burst. Vous ne pouvez pas faire Q3 sur lui ou il vous E. Rush vamp scepter pour répondre à son sustain. Vous devez esquiver ses Qs, surtout la deuxième partie. Ne prenez pas d'échanges prolongés avec lui. Cachez-vous entre les minions pour qu'il ne puisse pas vous frapper avec la deuxième partie de son E. Rappel mortel est un bon deuxième item, surtout si l'équipe ennemie a plus de soins.","Bouclier de doran, Potion",https://ddragon.leagueoflegends.com/cdn/img/champion/splash/Sylas_0.jpg
Syndra,"Q 4, W 12-8, E 18-14, R 120-80",8,"Ce matchup est l'un des plus ennuyeux pour les mages. Elle va vous Q chaque fois que vous allez pour cs. Lorsque vous E, elle vous E en retour. Pour contrer cela, essayez d'être plus erratique dans vos mouvements pour l'esquiver. Vous ne pouvez faire un all-in ou échanger avec elle que si elle rate son E. Un manteau précoce est bon pour qu'elle ne puisse pas vous mettre 100 à 0 quand elle atteindra le niveau 6. Jouez à l'échelle et mettez en place des ganks avec votre jungler car elle est très immobile.","Bouclier de doran, Potion",https://ddragon.leagueoflegends.com/cdn/img/champion/splash/Syndra_0.jpg
Tahm Kench,"Q 7-5, W 21-17, E 3, R 120-80",5,"Yone est en fait très bon contre lui car il est très mobile. Vous pouvez esquiver son W avec votre E. Faites juste de votre mieux pour esquiver ses Qs ou vous perdrez la voie très facilement. Vous pouvez pratiquement jouer à l'échelle et farmer dans ce matchup. Respectez simplement son niveau 1. La voie est beaucoup plus facile après Shieldbow, mais il vous fera toujours un stat check. Essayez de ne pas faire processionner votre E avant que son bouclier ne se désactive. Essayez de garder votre Q3 pour la fin de votre E au cas où il essaierait de vous W quand vous y retournez.","Lame de doran, Potion",https://ddragon.leagueoflegends.com/cdn/img/champion/splash/TahmKench_0.jpg
Talon,"Q 8-6, W 9-7, E 2, R 100-60",4,"Ce matchup est assez facile. Respectez simplement son powerspike de niveau 2. Ne le laissez pas atterrir les deux parties de son W ou vous perdrez beaucoup de HP. Prenez une armure en tissu tôt si vous pensez en avoir besoin. Quand il fait son W, vous pouvez E derrière lui et esquiver la deuxième partie ; il ne peut pas proc son passif si vous faites cela. Au niveau 6, c'est un peu plus difficile. Mais la façon dont vous le jouez reste la même.","Lame de doran, Potion",https://ddragon.leagueoflegends.com/cdn/img/champion/splash/Talon_0.jpg
Teemo,"Q 7, W 14, R .75 / 30-20",8,"Depuis le buff de son Q, ce matchup est beaucoup plus difficile. Ne le combattez pas tôt à cause de son poison. Jouez à l'échelle ; ne vous souciez pas d'échanger avec lui au début. Il vous surclassera avec Q. Une fois que vous aurez Shieldbow, la voie est beaucoup plus facile, cependant. Obtenez Red Trinket vers le niveau 6 pour ne pas toucher ses champignons.","Bouclier de doran, Potion",https://ddragon.leagueoflegends.com/cdn/img/champion/splash/Teemo_0.jpg
Tristana,"Q 20-16 , W 22-14 , E 16-14 , R 120-100",10,"Cette voie est impossible au début. Si vous vous approchez, elle vous E Ws et vous mourrez ou vous soufflez. Jouez super safe au début et abandonnez les cs, mais essayez de rester à portée de xp. Si elle Ws sur vous, essayez de E dans elle pour esquiver les dommages et le ralentissement, empilez votre Q3 sur la vague, E retour, et Q3 à la sécurité. Exhaust est un must dans le matchup. La voie est beaucoup plus facile à mesure que vous progressez, alors faites de votre mieux pour farmer.","Bouclier de doran, Potion",https://ddragon.leagueoflegends.com/cdn/img/champion/splash/Tristana_0.jpg
Tryndamere,"Q 12 , W 14 , E 12-8 (crits) , R 110-90",5,"Ce matchup est ennuyeux mais il est plutôt équilibré. Il vous soutient plus longtemps que vous. Il est beaucoup plus fort que vous au début avec Lethal Tempo, alors respectez cela. Quand il est sur vous, E dans la vague, empilez Q3, retournez à votre E, et Q3 dehors. Faites de votre mieux pour le kiter. Vous pouvez prendre ignite dans ce matchup pour gagner le niveau 1, mais si vous mourrez, votre lane est terminée.","Lame de doran, Potion",https://ddragon.leagueoflegends.com/cdn/img/champion/splash/Tryndamere_0.jpg
Twisted Fate,"Q 6, W 8-6, R 180-120",3,"Ce matchup est assez facile. Echangez avec lui ou faites-lui un all-in lorsqu'il utilise son W. Faites de votre mieux pour esquiver ses Q. Il cherchera juste à pousser et à vagabonder, alors faites-lui un ping mia quand il le fera. Vous pouvez nettoyer sa carte Gold avec un bon timing sur votre E.","Bouclier de doran, Potion",https://ddragon.leagueoflegends.com/cdn/img/champion/splash/TwistedFate_0.jpg
Urgot,"P 30-2.5, Q 10-8, W 12-0, E 16-14, R 100-70",7,"Utilisez votre E pour esquiver son E. Si vous êtes touché par son E, vous mourrez ou vous devrez faire un flash. Il contrôle complètement la lane en début de partie, alors faites de votre mieux pour farmer et changer d'échelle. La voie est super facile après Shieldbow tant que vous pouvez esquiver son E.","Lame de doran, Potion",https://ddragon.leagueoflegends.com/cdn/img/champion/splash/Urgot_0.jpg
Vayne,"Q 4-2, E 20-12, R 100-70",8,"Cette voie est similaire à Akshan ou Lucian. Vous ne pouvez pas marcher pour les cs ou vous allez juste vous faire chunker. Faites de votre mieux pour rester à portée de xp tout en donnant des cs. Vous ne pouvez pas vraiment échanger avec elle jusqu'à Shieldbow, mais même là, sa mobilité est odieuse. Ne la laissez jamais processionner son W sur vous. Elle est très molle, donc une fois que vous êtes sur elle, vous devriez être capable de la tuer. Si vous lui faites E ou Q3, elle vous fera E. Ne vous approchez jamais d'un mur ou elle vous E contre le mur et vous mourrez probablement.","Bouclier de doran, Potion",https://ddragon.leagueoflegends.com/cdn/img/champion/splash/Vayne_0.jpg
Veigar,"Q 6-4, W 8-1, E 18-12, R 120-60",2,"Ce matchup est incroyablement facile. Vous pouvez farmer gratuitement et vous déplacer. Faites de votre mieux pour esquiver ses Q et W. La seule vraie menace qu'il a est sa cage, surtout si et quand vous vous faites ganker. Votre E arrêtera l'étourdissement, mais vous serez étourdi lorsque vous reviendrez. Si vous êtes dans la cage, vous pouvez en sortir par ultramarche car vous êtes inarrêtable. Essayez de le priver de ses stacks, mais ne jouez pas trop le jeu.","Lame de doran, Potion",https://ddragon.leagueoflegends.com/cdn/img/champion/splash/Veigar_0.jpg
Vel'Koz,"Q 7, W 1.5/ 19-15, E 16-12, R 120-80",3,"Matchup relativement facile tant que vous pouvez esquiver son kit. Restez en dehors de la vague quand il Ws. Vous pouvez esquiver ses Q et E avec votre E. Lorsqu'il utilise ses capacités sur la vague, vous pouvez alors chercher un échange ou un all-in. Il devrait être assez facile à tuer après le niveau 6 puisqu'il est immobile.","Lame de doran, Potion",https://ddragon.leagueoflegends.com/cdn/img/champion/splash/Velkoz_0.jpg
Vex,"P 25-16, Q 9-5, W 20-12, E 13, R 140-100",10,Ce matchup est un cauchemar au début. Son kit ne fait que contrer le vôtre. Son passif vous effraiera de votre Q3 et de votre E. Allez sur elle quand elle utilise ses sorts pour nettoyer les vagues et quand son passif est en cooldown. Vous ne pouvez pas la combattre quand son passif est actif. Un manteau magique nul précoce similaire à celui d'Annie ou de Fizz l'empêchera de vous tirer dessus avec son combo complet au niveau 6.,"Bouclier de doran, Potion",https://ddragon.leagueoflegends.com/cdn/img/champion/splash/Vex_0.jpg
Viktor,"Q 9-5, W 17-13, E 12-8, R 120-80",5,"C'est plutôt une voie de farm. Ne prenez pas trop de coups de sa part et tout ira bien. Il cherchera à vous pousser quand il aura son augmentation E. Utilisez votre W pour protéger une partie de son poke Q. Si jamais vous faites Q3 ou E sur lui, il ne fera que W, donc E dehors. Au niveau 6, c'est un peu plus facile, mais il fait beaucoup de dégâts alors essayez d'échanger ou de faire un all-in quand il utilise Q ou E.","Bouclier de doran, Potion",https://ddragon.leagueoflegends.com/cdn/img/champion/splash/Viktor_0.jpg
Vladimir,"Q 9-4.6, W 28-16, E 13-5, R 120",7,"Un bon Vlad peut rendre cette voie infernale, surtout s'il fait de l'électrocution. Ne vous approchez pas de lui et n'essayez pas d'échanger avec lui lorsqu'il a son Powered Q. Vous pouvez mettre des points supplémentaires dans votre E car le cooldown de son W est très long. Executioner's n'est pas vraiment nécessaire puisque vous allez probablement prendre ignite. Un manteau de nullité précoce si vous êtes à la traîne convient également.","Bouclier de doran, Potion",https://ddragon.leagueoflegends.com/cdn/img/champion/splash/Vladimir_0.jpg
Volibear,"Q 14-10, W 5, E 13, R 160-120",9,"Une voie très difficile. Prenez des échanges courts contre lui et mettez-le en échec. S'il vous Ws, vous devez reculer ou vous prendrez beaucoup de dégâts et il sera soigné. W lui quand il va vous Q. Utilisez votre E pour l'éviter. Faites attention au niveau 6 car il peut vous faire plonger.","Bouclier de doran, Potion",https://ddragon.leagueoflegends.com/cdn/img/champion/splash/Volibear_0.jpg
Warwick,"Q 6, W 120-60, E 15-11, R 110-70",7,"Ce matchup est très ennuyeux, mais c'est littéralement juste un choix de fromage. N'essayez pas de le tuer parce qu'il va simplement dépasser vos dégâts avec son passif. Jouez simplement la sécurité et le farm. Grevious ne lui fait rien.","Lame de doran, Potion",https://ddragon.leagueoflegends.com/cdn/img/champion/splash/Warwick_0.jpg
Wukong,"Q 9-7, W 20-16, E 10-8, R 120-90",10,"Ce matchup est presque impossible car c'est juste un Bruiser Malphite. Il va vous auto et obtenir de l'armure grâce à son passif. W quand il Es sur vous pour bloquer une partie des dégâts. Early ninja tabi est vraiment bon dans Wukong parce que tous ses dégâts sont des attaques de base. S'il vous attaque, essayez de vous en sortir avec E et Q. Essayez simplement de geler la vague près de votre tour si vous le pouvez.","Lame de doran, Potion",https://ddragon.leagueoflegends.com/cdn/img/champion/splash/MonkeyKing_0.jpg
Xerath,"P 12, Q 9-5, W 14-10, E 13-11, R 130-100",3,"Il suffit d'esquiver son poke et cette voie est incroyablement facile. Si vous bloquez la vague à votre tour, il est obligé de monter à pied. Il est très vulnérable aux ganks et super immobile. Utilisez votre E pour esquiver ses Q, W, et ults. Si jamais vous lui faites Q3 ou E, il vous fera E. Au niveau 6, vous pouvez simplement l'ultramarquer et il ne peut pas faire grand chose.","Bouclier de doran, Potion",https://ddragon.leagueoflegends.com/cdn/img/champion/splash/Xerath_0.jpg
Yasuo,"Q 4-1.33, W 30-18, E .5-.1, R 80-30",6,Il est beaucoup plus fort jusqu'au niveau 3. Ne prenez pas trop de dégâts au début et tout ira bien. Il cherchera à bloquer votre Q3. Vous pouvez toujours éliminer son passif. Essayez de ne pas vous battre dans la vague de minions parce qu'il va E encore et encore. Ce matchup est purement un matchup de compétence après le niveau 3.,"Lame de doran, Potion",https://ddragon.leagueoflegends.com/cdn/img/champion/splash/Yasuo_0.jpg
Zed,"Q 6, W 20-14, E 5-3, R 120-80",10,"Ce matchup est un cauchemar si le Zed est bon. Vous devez garder votre E pour quand il utilise W ou vous aurez du mal à esquiver quoi que ce soit. Vous devez absolument prendre l'échappement contre Zed ou vous mourrez à répétition. Au niveau 6, vous devez jouer incroyablement sûr puisque vous n'avez aucune capacité d'évasion. Prenez une armure en tissu tôt et des steelcaps si leur jungler est aussi AD. Vous ne pouvez pas le Q3 ou l'ultramarine à moins que sa W et sa R ne soient sur le cooldown parce qu'il les esquivera et vous tuera. Prenez l'échappement.","Lame de doran, Potion",https://ddragon.leagueoflegends.com/cdn/img/champion/splash/Zed_0.jpg
Ziggs,"P 12, Q 6-4, W 20-12, E 16, R 120-70",3,"Il ne peut pas vraiment jouer le jeu contre vous. Il suffit d'esquiver son poke Q et cette voie est un jeu d'enfant. Vous pouvez mettre des points supplémentaires dans votre E, comme dans le matchup de Vlad, puisque son W a un long cooldown et que c'est sa seule capacité d'évasion. Il se contentera également de pousser la vague en perma shove, ce qui vous permettra de farmer librement et d'escalader.","Bouclier de doran, Potion",https://ddragon.leagueoflegends.com/cdn/img/champion/splash/Ziggs_0.jpg
Zoe,"Q 8.5-6.5, W .25, E 16-12, R 11-5",5,"Ce matchup est assez ennuyeux au début, mais une fois que vous avez des zerks et un sceptre de vampire, elle ne peut pas vraiment faire grand chose contre vous. Ne la laissez pas vous harceler gratuitement au début. Si vous E quand elle vous Es, cela l'annulera.","Bouclier de doran, Potion",https://ddragon.leagueoflegends.com/cdn/img/champion/splash/Zoe_0.jpg